{
    "materials": [{
        "blending": "NormalBlending",
        "depthTest": true,
        "shininess": 50,
        "ambient": 13421772,
        "emissive": 0,
        "color": 13421772,
        "vertexColors": false,
        "type": "MeshPhongMaterial",
        "specular": 131586,
        "name": "DarkBrown",
        "uuid": "BB8708E0-0C4F-32AE-BB7C-BA729F2F8198",
        "depthWrite": true
    },{
        "blending": "NormalBlending",
        "depthTest": true,
        "shininess": 50,
        "ambient": 13421772,
        "emissive": 0,
        "color": 13421772,
        "vertexColors": false,
        "type": "MeshPhongMaterial",
        "specular": 131586,
        "name": "LIghtBrown",
        "uuid": "F25480A1-EE07-308D-9A86-738E68D2F30A",
        "depthWrite": true
    },{
        "blending": "NormalBlending",
        "depthTest": true,
        "shininess": 50,
        "ambient": 13421772,
        "emissive": 0,
        "color": 13421772,
        "vertexColors": false,
        "type": "MeshPhongMaterial",
        "specular": 131586,
        "name": "Material_001.001",
        "uuid": "7846AA5B-B9DD-30E0-9C72-EB179F7AD813",
        "depthWrite": true
    },{
        "blending": "NormalBlending",
        "depthTest": true,
        "shininess": 50,
        "ambient": 13421772,
        "emissive": 0,
        "color": 13421772,
        "vertexColors": false,
        "type": "MeshPhongMaterial",
        "specular": 131586,
        "name": "Material_002",
        "uuid": "D6ED8FB6-490E-3036-9C0D-29DA4D5064CC",
        "depthWrite": true
    }],
    "metadata": {
        "type": "Object",
        "version": 4.4,
        "generator": "io_three"
    },
    "object": {
        "type": "Scene",
        "matrix": [1,0,0,0,0,1,0,0,0,0,1,0,0,0,0,1],
        "uuid": "1C206DE2-811E-4DF7-8FED-2B59D41ECD4E",
        "children": [{
            "name": "BlueMountainButterfly",
            "uuid": "ED49819F-02AD-3920-BB0F-6D5C23494CEB",
            "matrix": [-1,0,0,0,0,0,1,0,0,1,0,0,0,0,0,1],
            "visible": true,
            "type": "Object"
        },{
            "name": "BlueMountainButterfly_root",
            "uuid": "17BF722E-5002-3DE1-8686-4ED4E25F0B5C",
            "matrix": [-0.01,0,0,0,0,0,0.01,0,0,0.01,0,0,0,0,0,1],
            "visible": true,
            "type": "Object",
            "children": [{
                "name": "Plane_Plane",
                "uuid": "7012E853-40C6-3BC7-BB25-ED7EE601F6F9",
                "matrix": [1,0,0,0,0,1,0,0,0,0,1,0,0,0,0,1],
                "visible": true,
                "type": "Mesh",
                "material": "7846AA5B-B9DD-30E0-9C72-EB179F7AD813",
                "castShadow": true,
                "receiveShadow": true,
                "geometry": "6F50A2F7-884A-36C6-A564-7A631F5A275C"
            }]
        },{
            "name": "CameraPreset",
            "uuid": "B0C4E574-DECC-3D97-99F0-60577F3026BF",
            "matrix": [-1,0,-0,0,-0,0,1,0,0,1,0,0,-0.000131,0.000942,0.000799,1],
            "visible": true,
            "type": "Object",
            "children": [{
                "name": "TurnTableCamera",
                "uuid": "D7C44AB9-C5E4-3E53-805E-02A6D8DC90EC",
                "matrix": [0.866025,-0.5,0,0,0.25,0.433013,0.866025,0,-0.433013,-0.75,0.5,0,-0.067611,-0.117105,0.07807,1],
                "visible": true,
                "type": "PerspectiveCamera",
                "far": 50000,
                "near": 0.1,
                "aspect": 1.77778,
                "fov": 38.6274
            }]
        },{
            "name": "CameraPreset.001",
            "uuid": "12A939C5-0E9C-3725-B84E-BC143CE3A6BD",
            "matrix": [-1,0,0,0,0,0,1,0,0,1,0,0,-0.000131,0.000942,0.000799,1],
            "visible": true,
            "type": "Object",
            "children": [{
                "name": "TurnTableCamera.001",
                "uuid": "F3DFF865-2E74-395C-8BD6-0C3D8E7193F9",
                "matrix": [0.866025,-0.5,0,0,0.25,0.433013,0.866025,0,-0.433013,-0.75,0.5,0,-0.067611,-0.117105,0.07807,1],
                "visible": true,
                "type": "PerspectiveCamera",
                "far": 50000,
                "near": 0.1,
                "aspect": 1.77778,
                "fov": 38.6274
            }]
        },{
            "name": "LightPreset",
            "uuid": "1783D250-7BC6-30D0-B7CB-5461D8774CE2",
            "matrix": [-1,0,0,0,0,0,1,0,0,1,0,0,-0.000131,0.000942,0.000799,1],
            "visible": true,
            "type": "Object",
            "children": [{
                "name": "BackLight",
                "uuid": "6C2D9241-E0B7-3878-BBEB-78107E823E3E",
                "matrix": [-0.117758,-0.595422,0.794736,0,0.794736,0.42335,0.434935,0,-0.595422,0.682823,0.42335,0,-0.574687,0.659045,0.408608,1],
                "visible": true,
                "type": "DirectionalLight",
                "castShadow": false,
                "color": 7838134,
                "intensity": 0.75,
                "distance": 0
            },{
                "name": "FillLight",
                "uuid": "45C90A33-0D2F-3540-A48E-3AFDDA8A011B",
                "matrix": [0.398127,0.775804,-0.489512,0,-0.489512,0.630973,0.601873,0,0.775804,-0,0.630973,0,1.4387,0,1.17011,1],
                "visible": true,
                "type": "DirectionalLight",
                "castShadow": false,
                "color": 15062196,
                "intensity": 0.85,
                "distance": 0
            },{
                "name": "KeyLight",
                "uuid": "50157FD0-6064-3AF8-A62F-23E1675946D0",
                "matrix": [0.817645,-0.527833,0.229888,0,0.229888,0.66542,0.710188,0,-0.527833,-0.527833,0.66542,0,-0.509453,-0.509453,0.642248,1],
                "visible": true,
                "type": "DirectionalLight",
                "castShadow": false,
                "color": 16776180,
                "intensity": 1,
                "distance": 0
            }]
        },{
            "name": "LightPreset.001",
            "uuid": "C8085D50-6704-3DE9-B833-97DDD0D745C6",
            "matrix": [-1,0,0,0,0,0,1,0,0,1,0,0,-0.000131,0.000942,0.000799,1],
            "visible": true,
            "type": "Object",
            "children": [{
                "name": "BackLight.001",
                "uuid": "A6895B52-3A82-30BD-ACA1-9C7249CE2DDD",
                "matrix": [-0.117758,-0.595422,0.794736,0,0.794736,0.42335,0.434935,0,-0.595422,0.682823,0.42335,0,-0.574687,0.659045,0.408608,1],
                "visible": true,
                "type": "DirectionalLight",
                "castShadow": false,
                "color": 7838134,
                "intensity": 0.75,
                "distance": 0
            },{
                "name": "FillLight.001",
                "uuid": "E38BE02E-E823-30F9-AFDD-B7629112DE5C",
                "matrix": [0.398127,0.775804,-0.489512,0,-0.489512,0.630973,0.601873,0,0.775804,-0,0.630973,0,1.4387,0,1.17011,1],
                "visible": true,
                "type": "DirectionalLight",
                "castShadow": false,
                "color": 15062196,
                "intensity": 0.85,
                "distance": 0
            },{
                "name": "KeyLight.001",
                "uuid": "122437E5-150D-33DF-821D-7AADB03AD0B6",
                "matrix": [0.817645,-0.527833,0.229888,0,0.229888,0.66542,0.710188,0,-0.527833,-0.527833,0.66542,0,-0.509453,-0.509453,0.642248,1],
                "visible": true,
                "type": "DirectionalLight",
                "castShadow": false,
                "color": 16776180,
                "intensity": 1,
                "distance": 0
            }]
        }]
    },
    "geometries": [{
        "type": "Geometry",
        "materials": [{
            "colorEmissive": [0,0,0],
            "opacity": 1,
            "shading": "phong",
            "colorSpecular": [0.01,0.01,0.01],
            "depthTest": true,
            "blending": "NormalBlending",
            "colorDiffuse": [0.8,0.8,0.8],
            "wireframe": false,
            "colorAmbient": [0.8,0.8,0.8],
            "DbgIndex": 0,
            "DbgName": "Material_001.001",
            "transparent": false,
            "DbgColor": 15658734,
            "visible": true,
            "specularCoef": 50,
            "depthWrite": true
        },{
            "colorEmissive": [0,0,0],
            "opacity": 1,
            "shading": "phong",
            "colorSpecular": [0.01,0.01,0.01],
            "depthTest": true,
            "blending": "NormalBlending",
            "colorDiffuse": [0.8,0.8,0.8],
            "wireframe": false,
            "colorAmbient": [0.8,0.8,0.8],
            "DbgIndex": 1,
            "DbgName": "Material_002",
            "transparent": false,
            "DbgColor": 15597568,
            "visible": true,
            "specularCoef": 50,
            "depthWrite": true
        },{
            "colorEmissive": [0,0,0],
            "opacity": 1,
            "shading": "phong",
            "colorSpecular": [0.01,0.01,0.01],
            "depthTest": true,
            "blending": "NormalBlending",
            "colorDiffuse": [0.8,0.8,0.8],
            "wireframe": false,
            "colorAmbient": [0.8,0.8,0.8],
            "DbgIndex": 2,
            "DbgName": "DarkBrown",
            "transparent": false,
            "DbgColor": 60928,
            "visible": true,
            "specularCoef": 50,
            "depthWrite": true
        },{
            "colorEmissive": [0,0,0],
            "opacity": 1,
            "shading": "phong",
            "colorSpecular": [0.01,0.01,0.01],
            "depthTest": true,
            "blending": "NormalBlending",
            "colorDiffuse": [0.8,0.8,0.8],
            "wireframe": false,
            "colorAmbient": [0.8,0.8,0.8],
            "DbgIndex": 3,
            "DbgName": "LIghtBrown",
            "transparent": false,
            "DbgColor": 238,
            "visible": true,
            "specularCoef": 50,
            "depthWrite": true
        }],
        "uuid": "6F50A2F7-884A-36C6-A564-7A631F5A275C",
        "data": {
            "skinIndices": [],
            "skinWeights": [],
            "vertices": [0.260352,0.083113,-0.695766,0.260352,0.083113,-0.000865,0.260352,0.144958,-0.000865,0.260352,0.144958,-0.695766,0.329057,0,1.01556,0.214969,0,1.36819,0.248114,0.083113,1.36819,0.382731,0.083113,1.01556,-0.075438,0,-1.05877,0.111252,0,-1.39067,0.125735,0.083113,-1.39067,-0.094548,0.083113,-1.05877,-0.052226,-0.043885,-0.703198,0.093662,-0.043885,-0.962554,-0.282871,0,1.62749,-0.251756,0,1.40968,-0.302593,0.083113,1.40968,-0.339307,0.083113,1.62749,-0.106553,0,-0.768367,-0.131262,0.083113,-0.768367,0.256455,0,0.579948,0.297066,0.083113,0.579948,-0.179154,0,1.6586,-0.09551,0.086403,1.72366,-0.137667,0,-0.229041,-0.167975,0.083113,-0.229041,0.259337,0,0.320657,0.300465,0.083113,0.320657,-0.065066,0,1.77269,-0.068406,0.07551,1.73199,-0.041621,0.087185,1.74023,-0.008632,0.089184,1.74369,-0.148039,0,0.144339,-0.180213,0.083113,0.144339,0.225341,0,-0.000865,0.142367,0,1.70009,0.015968,0.07889,1.73639,0.040568,0.089184,1.72909,-0.210269,0,0.46586,-0.253641,0.083113,0.46586,0.225341,0,-0.695766,0.256455,0,1.70009,0.297066,0.083113,1.70009,-0.251756,0,1.04667,-0.302593,0.083113,1.04667,0.256455,0,-0.913571,0.297066,0.083113,-0.913571,0.256455,0,1.48228,0.297066,0.083113,1.48228,-0.148039,0,1.26448,-0.180213,0.083113,1.26448,0.297066,0.144958,1.70009,0.040568,0.138886,1.72909,0.153299,0.231149,1.63863,0.278563,0.231149,1.63863,0.050758,0.114035,1.72607,0.125735,0.144958,-1.39067,-0.094548,0.144958,-1.05877,0.297066,0.144958,-0.913571,0.297066,0.144958,1.48228,-0.302593,0.144958,1.04667,-0.180213,0.144958,1.26448,0.248114,0.144958,1.36819,-0.302593,0.144958,1.40968,0.382731,0.144958,1.01556,-0.167975,0.144958,-0.229041,-0.180213,0.144958,0.144339,-0.339307,0.144958,1.62749,0.297066,0.144958,0.579948,-0.131262,0.144958,-0.768367,-0.096284,0.140884,1.72342,-0.107058,0.113482,1.7201,0.300465,0.144958,0.320657,-0.253641,0.144958,0.46586,-0.030846,0.114587,1.74355,-0.042394,0.141666,1.73999,-0.008632,0.138886,1.74369,-0.018822,0.114035,1.74671,0.01394,0.127195,1.8118,0.008322,0.114035,1.81215,0.281727,0.231149,0.334095,0.278563,0.231149,0.579308,0.358277,0.231149,0.991267,0.233013,0.231149,1.32476,0.278563,0.231149,1.43265,-0.074453,0.231149,1.70729,-0.199718,0.231149,1.5994,-0.313594,0.231149,1.56997,-0.279431,0.231149,1.36399,-0.165554,0.231149,1.22667,-0.279431,0.231149,1.02069,-0.233881,0.231149,0.471415,-0.165554,0.231149,0.16735,-0.154167,0.231149,-0.185758,-0.120004,0.231149,-0.695802,-0.085841,0.231149,-0.970441,0.119136,0.231149,-1.28431,0.278563,0.231149,-0.833121,0.2444,0.231149,-0.627142,0.2444,0.231149,0.03003,-0.069499,0.152558,1.73166,0.015968,0.14918,1.73639,0.20713,-0.043885,1.4527,0.20713,-0.043885,1.2825,0.063395,-0.071431,0.766427,0.063395,-0.071431,0.813667,0.263864,-0.043885,0.917777,0.174711,-0.043885,1.19334,-0.214324,-0.043885,1.39596,-0.190009,-0.043885,1.22576,-0.076541,-0.043885,-0.476261,0.20713,-0.043885,0.577372,-0.133275,-0.043885,1.42028,-0.100855,-0.043885,-0.054808,0.209381,-0.043885,0.374751,-0.044121,-0.043885,1.50943,-0.10896,-0.043885,0.236968,0.182815,-0.043885,0.123499,0.117976,-0.043885,1.4527,-0.157589,-0.043885,0.488219,0.182815,-0.043885,-0.419527,-0.190009,-0.043885,0.942092,0.20713,-0.043885,-0.589729,-0.10896,-0.043885,1.11229,0.063812,-0.071431,0.514481,0.058897,-0.071431,0.444745,0.058897,-0.071431,0.294027,0.063395,-0.071431,0.246787,0.042403,-0.071431,0.143309,0.015413,-0.071431,0.215294,0.010915,-0.071431,0.27828,0.006416,-0.071431,0.395256,0.004917,-0.071431,0.476239,-0.00408,-0.071431,0.545974,-0.010077,-0.071431,0.671947,0.004917,-0.071431,0.719187,-0.010077,-0.071431,0.750681,-0.014576,-0.071431,0.797921,0.000419,-0.071431,0.804669,0.016912,-0.071431,0.829414,0.046902,-0.071431,0.813667,0.057397,-0.071431,0.741683,0.073891,-0.071431,0.665199,0.063395,-0.071431,0.570719,-0.071733,0.124606,1.77703,-0.082103,0.128773,1.77384,0.046678,0.114035,1.80975,0.041062,0.100876,1.8101,0.127265,0.100875,1.93785,0.132882,0.114035,1.9375,0.01394,0.100876,1.8118,0.0275,0.132645,1.81095,0.041062,0.127195,1.8101,0.0275,0.095425,1.81095,0.113704,0.095425,1.9387,0.232974,0.095425,2.19346,0.246001,0.100875,2.18959,0.094526,0.114035,1.9399,0.100144,0.100875,1.93954,0.127265,0.127194,1.93785,0.113704,0.132645,1.9387,0.100144,0.127194,1.93954,0.219948,0.127194,2.19732,0.232974,0.132645,2.19346,0.419044,0.132644,2.57793,0.406017,0.127193,2.58179,0.214552,0.114035,2.19892,0.251396,0.114035,2.18799,0.219948,0.100875,2.19732,0.246001,0.127194,2.18959,0.43207,0.127193,2.57406,0.558046,0.127192,2.99876,0.54502,0.132643,3.00262,0.406017,0.100874,2.58179,0.419044,0.095424,2.57793,0.437466,0.114034,2.57246,0.43207,0.100874,2.57406,0.400622,0.114034,2.58339,0.526598,0.114033,3.00809,0.531993,0.127192,3.00649,0.628214,0.127191,3.33087,0.622819,0.114032,3.33247,0.531993,0.100874,3.00649,0.54502,0.095423,3.00262,0.563442,0.114033,2.99716,0.558046,0.100873,2.99876,0.654267,0.127191,3.32314,0.659663,0.114032,3.32154,0.693045,0.114032,3.43408,0.68765,0.127192,3.43569,0.654267,0.100873,3.32314,0.628214,0.100873,3.33087,0.641241,0.132642,3.32701,0.641241,0.095422,3.32701,0.661597,0.127192,3.44341,0.674623,0.132642,3.43955,0.683332,0.132642,3.63888,0.670306,0.127192,3.64275,0.674623,0.095422,3.43955,0.68765,0.100873,3.43569,0.656201,0.114032,3.44501,0.661597,0.100873,3.44341,0.696359,0.100873,3.63502,0.683332,0.095422,3.63888,0.670306,0.100873,3.64275,0.66491,0.114032,3.64435,0.696359,0.127192,3.63502,0.701754,0.114032,3.63342,-0.096473,0.113823,1.76942,-0.092351,0.124307,1.77069,-0.200704,0.124306,1.92074,-0.204826,0.113822,1.91947,-0.071437,0.103762,1.77712,-0.067315,0.114246,1.77839,-0.081685,0.099295,1.77397,-0.092055,0.103463,1.77078,-0.190038,0.099295,1.92402,-0.200408,0.103462,1.92083,-0.366307,0.103462,2.22983,-0.355937,0.099294,2.23302,-0.17979,0.103761,1.92717,-0.175668,0.114245,1.92844,-0.180086,0.124605,1.92708,-0.190456,0.128773,1.92389,-0.366603,0.124306,2.22974,-0.356355,0.128772,2.23289,-0.704413,0.128774,2.84933,-0.71466,0.124308,2.84618,-0.345985,0.124605,2.23608,-0.370725,0.113822,2.22847,-0.345689,0.103761,2.23617,-0.341567,0.114245,2.23744,-0.689625,0.114247,2.85388,-0.693747,0.103763,2.85262,-0.89499,0.103763,3.17907,-0.890868,0.114247,3.18033,-0.714364,0.103464,2.84627,-0.703994,0.099296,2.84946,-0.694042,0.124607,2.85252,-0.718782,0.113824,2.84492,-0.915608,0.103464,3.17273,-0.920026,0.113824,3.17137,-1.01831,0.113758,3.31065,-1.0125,0.100131,3.31243,-0.895286,0.124607,3.17898,-0.905238,0.099296,3.17591,-0.905656,0.128774,3.17579,-0.915904,0.124308,3.17263,-1.01289,0.127548,3.31231,-0.999413,0.133423,3.31646,-1.09272,0.131539,3.47942,-1.10489,0.126235,3.47568,-0.985384,0.100524,3.32077,-0.979963,0.114314,3.32244,-0.985773,0.127941,3.32065,-0.998863,0.09465,3.31663,-1.08041,0.12659,3.48321,-1.07516,0.114288,3.48483,-1.08006,0.101839,3.48332,-1.09223,0.096535,3.47958,-1.10454,0.101483,3.47579,-1.10979,0.113786,3.47418,0.227287,0,1.14004,0.227287,0,1.32862,0.505733,0,1.86007,0.917177,0,2.46009,1.5172,0,3.12869,2.23723,0,3.72871,3.02583,0,4.20873,3.79729,0,4.39731,4.51731,0,4.32873,4.83896,0,3.84872,4.58589,0,3.18012,4.34588,0,2.5801,4.10587,0,1.44863,3.91729,0,0.968608,3.01316,0,0.895862,2.23723,0,1.19147,2.95725,0,1.31148,2.3058,0,1.67149,2.95725,0,1.7915,2.42581,0,2.0315,3.12869,0,2.15151,2.54581,0,2.39152,3.02583,0,2.56295,2.59724,0,2.75153,2.83725,0,2.87154,2.54581,0,2.99154,2.59724,0,3.23155,2.23723,0,3.23155,2.35723,0,3.52299,1.92864,0,3.23155,1.5172,0,2.75153,0.797172,0,1.96293,0.224534,0.025929,0.853912,0.390232,0.025929,0.943945,0.990138,0.025929,0.953014,1.89011,0.025929,0.992049,2.87815,0.025929,0.996945,3.45872,0.025929,0.547033,3.67619,0.025929,0.155891,3.85907,0.025929,-0.074398,3.71244,0.025929,-0.488892,3.9819,0.025929,-0.803546,3.72165,0.025929,-1.1513,3.70712,0.025929,-1.78247,3.5389,0.025929,-2.00787,3.30845,0.025929,-2.30588,3.50116,0.025929,-2.89429,3.90131,0.025929,-3.547,4.13966,0.025929,-3.83879,4.10444,0.025929,-4.12968,3.85765,0.025929,-4.209,3.63575,0.025929,-3.96472,3.56319,0.025929,-3.5213,3.35374,0.025929,-3.07788,3.18162,0.025929,-2.88339,2.88953,0.025929,-2.86037,2.77515,0.025929,-3.00952,2.64348,0.025929,-2.95988,2.40809,0.025929,-3.03125,2.31268,0.025929,-3.20304,2.1827,0.025929,-3.25382,2.06136,0.025929,-3.09718,2.02645,0.025929,-2.84546,1.81003,0.025929,-2.65424,1.71462,0.025929,-2.75689,1.47548,0.025929,-2.12207,1.46969,0.025929,-1.96261,1.9856,0.025929,-2.17686,2.18272,0.025929,-2.19763,2.19523,0.025929,-1.78466,2.58289,0.025929,-1.86762,2.63368,0.025929,-1.40851,2.97387,0.025929,-1.36381,3.12975,0.025929,-1.24124,3.30789,0.025929,-1.26425,2.99527,0.025929,-0.84085,3.47459,0.025929,-0.447051,2.95832,0.025929,-0.076058,3.19377,0.025929,-0.00666,3.02909,0.025929,0.108001,2.83108,0.025929,0.098484,2.59366,0.025929,0.17027,2.25634,0.025929,0.561908,1.34412,0.025929,0.757742,0.390232,0.112515,0.943945,0.990138,0.112515,0.953014,4.34588,0.086586,2.5801,4.10587,0.086586,1.44863,1.89011,0.112515,0.992049,3.91729,0.086586,0.968608,2.87815,0.112515,0.996945,3.70712,0.112515,-1.78247,3.5389,0.112515,-2.00787,3.45872,0.112515,0.547033,3.30845,0.112515,-2.30588,3.67619,0.112515,0.155891,3.50116,0.112515,-2.89429,3.85907,0.112515,-0.074398,3.90131,0.112515,-3.547,3.71244,0.112515,-0.488892,4.13966,0.112515,-3.83879,4.10444,0.112515,-4.12968,3.9819,0.112515,-0.803546,3.85765,0.112515,-4.209,3.72165,0.112515,-1.1513,3.63575,0.112515,-3.96472,3.56319,0.112515,-3.5213,3.35374,0.112515,-3.07788,1.81003,0.112515,-2.65424,1.71462,0.112515,-2.75689,3.18162,0.112515,-2.88339,3.01316,0.086586,0.895862,2.88953,0.112515,-2.86037,2.77515,0.112515,-3.00952,0.227287,0.086586,1.14004,0.227287,0.086586,1.32862,2.64348,0.112515,-2.95988,2.40809,0.112515,-3.03125,0.505733,0.086586,1.86007,2.31268,0.112515,-3.20304,0.917177,0.086586,2.46009,2.1827,0.112515,-3.25382,1.5172,0.086586,3.12869,2.06136,0.112515,-3.09718,2.23723,0.086586,3.72871,2.02645,0.112515,-2.84546,3.02583,0.086586,4.20873,3.79729,0.086586,4.39731,1.47548,0.112515,-2.12207,1.46969,0.112515,-1.96261,4.51731,0.086586,4.32873,4.83896,0.086586,3.84872,0.224534,0.112515,0.853912,4.58589,0.086586,3.18012,-0.20114,0,1.14004,-0.20114,0,1.32862,-0.479586,0,1.86007,-0.89103,0,2.46009,-1.49105,0,3.12869,-2.21108,0,3.72871,-2.99968,0,4.20873,-3.77114,0,4.39731,-4.49116,0,4.32873,-4.81281,0,3.84871,-4.55974,0,3.18012,-4.31973,0,2.5801,-4.07972,0,1.44863,-3.89114,0,0.968608,-2.98701,0,0.895862,-2.21108,0,1.19147,-2.93111,0,1.31148,-2.27965,0,1.67149,-2.93111,0,1.7915,-2.39966,0,2.0315,-3.10254,0,2.15151,-2.51966,0,2.39152,-2.99968,0,2.56295,-2.57109,0,2.75153,-2.8111,0,2.87154,-2.51966,0,2.99154,-2.57109,0,3.23155,-2.21108,0,3.23155,-2.33108,0,3.52299,-1.9025,0,3.23155,-1.49105,0,2.75153,-0.771025,0,1.96293,-0.198387,0.025929,0.853912,-0.364085,0.025929,0.943945,-0.963991,0.025929,0.953014,-1.86397,0.025929,0.992049,-2.852,0.025929,0.996945,-3.43258,0.025929,0.547033,-3.65005,0.025929,0.155891,-3.83292,0.025929,-0.074398,-3.6863,0.025929,-0.488892,-3.95575,0.025929,-0.803546,-3.69551,0.025929,-1.1513,-3.68098,0.025929,-1.78247,-3.51275,0.025929,-2.00787,-3.2823,0.025929,-2.30588,-3.47502,0.025929,-2.89429,-3.87516,0.025929,-3.547,-4.11351,0.025929,-3.83878,-4.0783,0.025929,-4.12968,-3.8315,0.025929,-4.209,-3.6096,0.025929,-3.96472,-3.53705,0.025929,-3.5213,-3.32759,0.025929,-3.07788,-3.15547,0.025929,-2.88339,-2.86338,0.025929,-2.86037,-2.749,0.025929,-3.00952,-2.61733,0.025929,-2.95988,-2.38194,0.025929,-3.03124,-2.28653,0.025929,-3.20304,-2.15655,0.025929,-3.25382,-2.03521,0.025929,-3.09718,-2.0003,0.025929,-2.84546,-1.78389,0.025929,-2.65424,-1.68848,0.025929,-2.75689,-1.44933,0.025929,-2.12207,-1.44354,0.025929,-1.96261,-1.95945,0.025929,-2.17686,-2.15657,0.025929,-2.19763,-2.16908,0.025929,-1.78466,-2.55674,0.025929,-1.86762,-2.60753,0.025929,-1.40851,-2.94772,0.025929,-1.36381,-3.1036,0.025929,-1.24124,-3.28174,0.025929,-1.26425,-2.96912,0.025929,-0.840849,-3.44845,0.025929,-0.447051,-2.93218,0.025929,-0.076058,-3.16762,0.025929,-0.00666,-3.00294,0.025929,0.108001,-2.80493,0.025929,0.098484,-2.56751,0.025929,0.17027,-2.2302,0.025929,0.561908,-1.31797,0.025929,0.757742,-0.364085,0.112515,0.943945,-0.963991,0.112515,0.953014,-4.31973,0.086586,2.5801,-4.07972,0.086586,1.44863,-1.86397,0.112515,0.992049,-3.89114,0.086586,0.968608,-2.852,0.112515,0.996945,-3.68098,0.112515,-1.78247,-3.51275,0.112515,-2.00787,-3.43258,0.112515,0.547033,-3.2823,0.112515,-2.30588,-3.65005,0.112515,0.155891,-3.47502,0.112515,-2.89429,-3.83292,0.112515,-0.074398,-3.87516,0.112515,-3.547,-3.6863,0.112515,-0.488892,-4.11351,0.112515,-3.83878,-4.0783,0.112515,-4.12968,-3.95575,0.112515,-0.803546,-3.8315,0.112515,-4.209,-3.69551,0.112515,-1.1513,-3.6096,0.112515,-3.96472,-3.53705,0.112515,-3.5213,-3.32759,0.112515,-3.07788,-1.78389,0.112515,-2.65424,-1.68848,0.112515,-2.75689,-3.15547,0.112515,-2.88339,-2.98701,0.086586,0.895862,-2.86338,0.112515,-2.86037,-2.749,0.112515,-3.00952,-0.20114,0.086586,1.14004,-0.20114,0.086586,1.32862,-2.61733,0.112515,-2.95988,-2.38194,0.112515,-3.03124,-0.479586,0.086586,1.86007,-2.28653,0.112515,-3.20304,-0.89103,0.086586,2.46009,-2.15655,0.112515,-3.25382,-1.49105,0.086586,3.12869,-2.03521,0.112515,-3.09718,-2.21108,0.086586,3.72871,-2.0003,0.112515,-2.84546,-2.99968,0.086586,4.20873,-3.77114,0.086586,4.39731,-1.44933,0.112515,-2.12207,-1.44354,0.112515,-1.96261,-4.49116,0.086586,4.32873,-4.81281,0.086586,3.84871,-0.198387,0.112515,0.853912,-4.55974,0.086586,3.18012,0.198477,0,0.846165,2.42581,0,0.567705,0.985751,0,0.646933,0.0739,0.025929,0.995342,0.895656,0.025929,-1.07295,0.33057,0.025929,0.271609,2.42581,0.086586,0.567705,0.985751,0.086586,0.646933,0.198477,0.086586,0.846165,0.895656,0.112515,-1.07295,0.33057,0.112515,0.271609,0.0739,0.112515,0.995342,-0.17233,0,0.846165,-2.39966,0,0.567705,-0.959604,0,0.646932,-0.047752,0.025929,0.995342,-0.869508,0.025929,-1.07295,-0.304423,0.025929,0.271609,-2.39966,0.086586,0.567705,-0.959604,0.086586,0.646932,-0.17233,0.086586,0.846165,-0.869508,0.112515,-1.07295,-0.304423,0.112515,0.271609,-0.047752,0.112515,0.995342,2.23723,0.086586,1.19147,2.95725,0.086586,1.31148,2.3058,0.086586,1.67149,2.95725,0.086586,1.7915,2.42581,0.086586,2.0315,3.12869,0.086586,2.15151,2.54581,0.086586,2.39152,3.02583,0.086586,2.56295,2.59724,0.086586,2.75153,2.83725,0.086586,2.87154,2.54581,0.086586,2.99154,2.59724,0.086586,3.23155,2.23723,0.086586,3.23155,2.35723,0.086586,3.52299,1.92864,0.086586,3.23155,1.5172,0.086586,2.75153,0.797172,0.086586,1.96293,1.9856,0.112515,-2.17686,2.18272,0.112515,-2.19763,2.19523,0.112515,-1.78466,2.58289,0.112515,-1.86762,2.63368,0.112515,-1.40851,2.97387,0.112515,-1.36381,3.12975,0.112515,-1.24124,3.30789,0.112515,-1.26425,2.99527,0.112515,-0.84085,3.47459,0.112515,-0.447051,2.95832,0.112515,-0.076058,3.19377,0.112515,-0.00666,3.02909,0.112515,0.108001,2.83108,0.112515,0.098484,2.59366,0.112515,0.17027,2.25634,0.112515,0.561908,1.34412,0.112515,0.757742,-2.21108,0.086586,1.19147,-2.93111,0.086586,1.31148,-2.27965,0.086586,1.67149,-2.93111,0.086586,1.7915,-2.39966,0.086586,2.0315,-3.10254,0.086586,2.15151,-2.51966,0.086586,2.39152,-2.99968,0.086586,2.56295,-2.57109,0.086586,2.75153,-2.8111,0.086586,2.87154,-2.51966,0.086586,2.99154,-2.57109,0.086586,3.23155,-2.21108,0.086586,3.23155,-2.33108,0.086586,3.52299,-1.9025,0.086586,3.23155,-1.49105,0.086586,2.75153,-0.771025,0.086586,1.96293,-1.95945,0.112515,-2.17686,-2.15657,0.112515,-2.19763,-2.16908,0.112515,-1.78466,-2.55674,0.112515,-1.86762,-2.60753,0.112515,-1.40851,-2.94772,0.112515,-1.36381,-3.1036,0.112515,-1.24124,-3.28174,0.112515,-1.26425,-2.96912,0.112515,-0.840849,-3.44845,0.112515,-0.447051,-2.93218,0.112515,-0.076058,-3.16762,0.112515,-0.00666,-3.00294,0.112515,0.108001,-2.80493,0.112515,0.098484,-2.56751,0.112515,0.17027,-2.2302,0.112515,0.561908,-1.31797,0.112515,0.757742],
            "influencesPerVertex": 2,
            "animations": [],
            "faces": [35,0,1,2,3,0,0,1,2,3,35,4,5,6,7,0,4,5,6,7,35,8,9,10,11,0,8,9,10,11,35,9,8,12,13,0,9,8,12,13,35,14,15,16,17,0,14,15,16,17,35,18,8,11,19,0,18,8,11,19,35,20,4,7,21,0,20,4,7,21,35,22,14,17,23,0,22,14,17,23,35,24,18,19,25,0,24,18,19,25,35,26,20,21,27,0,26,20,21,27,34,28,30,31,0,28,29,30,34,22,23,29,0,22,23,31,34,28,29,30,0,28,31,29,34,28,22,29,0,28,22,31,35,32,24,25,33,0,32,24,25,33,35,34,26,27,1,0,34,26,27,1,34,35,36,37,0,35,36,37,34,28,31,36,0,28,30,36,34,35,28,36,0,35,28,36,35,38,32,33,39,0,38,32,33,39,35,1,0,40,34,0,1,0,40,34,35,41,35,37,42,0,41,35,37,42,35,43,38,39,44,0,43,38,39,44,35,0,46,45,40,0,0,45,46,40,35,47,41,42,48,0,47,41,42,48,35,49,43,44,50,0,49,43,44,50,35,9,45,46,10,0,9,46,45,10,35,5,47,48,6,0,5,47,48,6,35,15,49,50,16,0,15,49,50,16,35,51,52,53,54,0,51,52,53,54,34,42,52,51,0,42,52,51,34,42,37,55,0,42,37,55,34,42,55,52,0,42,55,52,35,11,10,56,57,0,11,10,56,57,35,46,0,3,58,0,45,0,3,58,35,48,42,51,59,0,48,42,51,59,35,50,44,60,61,0,50,44,60,61,35,10,46,58,56,0,10,45,58,56,35,6,48,59,62,0,6,48,59,62,35,16,50,61,63,0,16,50,61,63,35,7,6,62,64,0,7,6,62,64,35,33,25,65,66,0,33,25,65,66,35,17,16,63,67,0,17,16,63,67,35,21,7,64,68,0,21,7,64,68,35,25,19,69,65,0,25,19,69,65,34,67,70,71,0,67,70,71,34,23,17,71,0,23,17,71,34,17,67,71,0,17,67,71,35,27,21,68,72,0,27,21,68,72,35,44,39,73,60,0,44,39,73,60,34,75,76,77,0,74,75,76,34,31,30,77,0,30,29,76,34,74,75,77,0,77,74,76,34,30,74,77,0,29,77,76,35,1,27,72,2,0,1,27,72,2,35,39,33,66,73,0,39,33,66,73,35,77,76,78,79,0,76,75,78,79,35,19,11,57,69,0,19,11,57,69,34,96,97,98,0,80,81,82,34,80,81,99,0,83,84,85,34,96,98,99,0,80,82,85,34,94,95,96,0,86,87,80,34,92,93,94,0,88,89,86,34,90,91,92,0,90,91,88,34,87,88,89,0,92,93,94,34,89,90,92,0,94,90,88,34,92,94,96,0,88,86,80,34,81,96,99,0,84,80,85,34,81,82,83,0,84,95,96,34,83,84,54,0,96,97,54,34,53,85,86,0,53,98,99,34,83,54,53,0,96,54,53,34,81,83,96,0,84,96,80,34,89,92,96,0,94,88,80,34,86,87,89,0,99,92,94,34,83,53,86,0,96,53,99,34,83,89,96,0,96,94,80,34,83,86,89,0,96,99,94,35,57,56,96,95,0,57,56,80,87,35,58,3,98,97,0,58,3,82,81,35,59,51,54,84,0,59,51,54,97,35,61,60,90,89,0,61,60,90,94,35,56,58,97,96,0,56,58,81,80,35,62,59,84,83,0,62,59,97,96,35,63,61,89,88,0,63,61,94,93,35,66,65,93,92,0,66,65,89,88,35,64,62,83,82,0,64,62,96,95,35,67,63,88,87,0,67,63,93,92,35,65,69,94,93,0,65,69,86,89,35,68,64,82,81,0,68,64,95,84,35,70,67,87,86,0,70,67,92,99,35,60,73,91,90,0,60,73,91,90,35,72,68,81,80,0,72,68,84,83,34,76,86,85,0,75,99,98,34,100,70,86,0,100,70,99,34,76,75,100,0,75,74,100,34,76,100,86,0,75,100,99,35,73,66,92,91,0,73,66,88,91,35,2,72,80,99,0,2,72,83,85,34,52,85,53,0,52,98,53,34,101,76,85,0,101,75,98,34,52,101,85,0,52,101,98,35,69,57,95,94,0,69,57,87,86,35,3,2,99,98,0,3,2,85,82,35,102,103,104,105,0,102,103,104,105,35,5,4,106,107,0,5,4,106,107,35,15,14,108,109,0,15,14,108,109,35,8,18,110,12,0,8,18,110,12,35,4,20,111,106,0,4,20,111,106,35,14,22,112,108,0,14,22,112,108,35,18,24,113,110,0,18,24,113,110,35,20,26,114,111,0,20,26,114,111,35,22,28,115,112,0,22,28,115,112,35,24,32,116,113,0,24,32,116,113,35,26,34,117,114,0,26,34,117,114,35,28,35,118,115,0,28,35,118,115,35,32,38,119,116,0,32,38,119,116,35,34,40,120,117,0,34,40,120,117,35,35,41,102,118,0,35,41,102,118,35,38,43,121,119,0,38,43,121,119,35,40,45,122,120,0,40,46,122,120,35,41,47,103,102,0,41,47,103,102,35,43,49,123,121,0,43,49,123,121,35,45,9,13,122,0,46,9,13,122,35,47,5,107,103,0,47,5,107,103,35,49,15,109,123,0,49,15,109,123,34,141,142,143,0,124,125,126,34,124,125,143,0,127,128,126,34,126,127,128,0,129,130,131,34,125,141,143,0,128,124,126,34,125,126,128,0,128,129,131,34,128,129,130,0,131,132,133,34,130,131,132,0,133,134,135,34,132,133,134,0,135,136,137,34,135,136,137,0,138,139,140,34,132,134,135,0,135,137,138,34,128,130,132,0,131,133,135,34,125,128,141,0,128,131,124,34,105,104,141,0,105,104,124,34,138,139,140,0,141,142,143,34,140,105,141,0,143,105,124,34,128,132,141,0,131,135,124,34,135,137,138,0,138,140,141,34,132,135,141,0,135,138,124,34,138,140,141,0,141,143,124,34,135,138,141,0,138,141,124,35,121,123,135,134,0,121,123,138,137,35,122,13,128,127,0,122,13,131,130,35,103,107,141,104,0,103,107,124,104,35,123,109,136,135,0,123,109,139,138,35,13,12,129,128,0,13,12,132,131,35,107,106,142,141,0,107,106,125,124,35,109,108,137,136,0,109,108,140,139,35,12,110,130,129,0,12,110,133,132,35,106,111,143,142,0,106,111,126,125,35,108,112,138,137,0,108,112,141,140,35,110,113,131,130,0,110,113,134,133,35,111,114,124,143,0,111,114,127,126,35,112,115,139,138,0,112,115,142,141,35,113,116,132,131,0,113,116,135,134,35,114,117,125,124,0,114,117,128,127,35,115,118,140,139,0,115,118,143,142,35,116,119,133,132,0,116,119,136,135,35,117,120,126,125,0,117,120,129,128,35,118,102,105,140,0,118,102,105,143,35,119,121,134,133,0,119,121,137,136,35,120,122,127,126,0,120,122,130,129,35,100,75,144,145,0,100,74,144,145,35,146,147,148,149,0,146,147,148,149,35,55,37,147,146,0,55,37,147,146,35,31,77,79,150,0,30,76,79,150,35,76,101,151,78,0,75,101,151,78,35,52,55,146,152,0,52,55,146,152,35,36,31,150,153,0,36,30,150,153,35,37,36,153,147,0,37,36,153,147,35,101,52,152,151,0,101,52,152,151,35,148,154,155,156,0,148,154,155,156,35,150,79,157,158,0,150,79,157,158,35,151,152,159,160,0,151,152,159,160,35,78,151,160,161,0,78,151,160,161,35,153,150,158,154,0,153,150,158,154,35,152,146,149,159,0,152,146,149,159,35,147,153,154,148,0,147,153,154,148,35,79,78,161,157,0,79,78,161,157,35,162,163,164,165,0,162,163,164,165,35,157,161,162,166,0,157,161,162,166,35,149,148,156,167,0,149,148,156,167,35,158,157,166,168,0,158,157,166,168,35,160,159,169,163,0,160,159,169,163,35,161,160,163,162,0,161,160,163,162,35,154,158,168,155,0,154,158,168,155,35,159,149,167,169,0,159,149,167,169,35,164,170,171,172,0,164,170,171,172,35,155,168,173,174,0,155,168,173,174,35,169,167,175,170,0,169,167,175,170,35,156,155,174,176,0,156,155,174,176,35,166,162,165,177,0,166,162,165,177,35,167,156,176,175,0,167,156,176,175,35,168,166,177,173,0,168,166,177,173,35,163,169,170,164,0,163,169,170,164,35,178,179,180,181,0,178,179,179,178,35,165,164,172,179,0,165,164,172,179,35,174,173,182,183,0,174,173,180,181,35,170,175,184,171,0,170,175,182,171,35,176,174,183,185,0,176,174,181,183,35,177,165,179,178,0,177,165,179,178,35,175,176,185,184,0,175,176,183,182,35,173,177,178,182,0,173,177,178,180,35,186,187,188,189,0,184,182,185,186,35,184,185,190,187,0,182,183,187,182,35,182,178,181,191,0,180,178,178,180,35,172,171,186,192,0,172,171,184,172,35,179,172,192,180,0,179,172,172,179,35,183,182,191,193,0,181,180,180,181,35,171,184,187,186,0,171,182,182,184,35,185,183,193,190,0,183,181,181,187,35,194,195,196,197,0,188,189,190,191,35,190,193,198,199,0,187,181,192,193,35,181,180,194,200,0,178,179,188,194,35,187,190,199,188,0,182,187,193,185,35,191,181,200,201,0,180,178,194,195,35,192,186,189,195,0,172,184,186,189,35,180,192,195,194,0,179,172,189,188,35,193,191,201,198,0,181,180,195,192,34,202,206,207,0,196,197,198,34,197,196,206,0,191,190,197,34,204,205,197,0,199,200,191,34,202,203,204,0,196,201,199,34,202,197,206,0,196,191,197,34,202,204,197,0,196,199,191,35,198,201,204,203,0,192,195,199,201,35,189,188,207,206,0,186,185,198,197,35,199,198,203,202,0,193,192,201,196,35,200,194,197,205,0,194,188,191,200,35,188,199,202,207,0,185,193,196,198,35,201,200,205,204,0,195,194,200,199,35,195,189,206,196,0,189,186,197,190,35,208,209,210,211,0,202,203,204,205,35,71,70,209,208,0,71,70,203,202,35,74,30,212,213,0,77,29,206,207,35,75,74,213,144,0,74,77,207,144,35,30,29,214,212,0,29,31,208,206,35,70,100,145,209,0,70,100,145,203,35,29,23,215,214,0,31,23,209,208,35,23,71,208,215,0,23,71,202,209,35,216,217,218,219,0,210,211,212,213,35,213,212,220,221,0,207,206,214,215,35,144,213,221,222,0,144,207,215,216,35,212,214,216,220,0,206,208,210,214,35,209,145,223,210,0,203,145,217,204,35,214,215,217,216,0,208,209,211,210,35,145,144,222,223,0,145,144,216,217,35,215,208,211,217,0,209,202,205,211,35,224,225,226,227,0,218,219,220,221,35,223,222,228,225,0,217,216,222,219,35,217,211,229,218,0,211,205,223,212,35,211,210,224,229,0,205,204,218,223,35,221,220,230,231,0,215,214,224,225,35,222,221,231,228,0,216,215,225,222,35,220,216,219,230,0,214,210,213,224,35,210,223,225,224,0,204,217,219,218,35,232,233,234,235,0,226,227,228,229,35,219,218,236,237,0,213,212,230,231,35,225,228,238,226,0,219,222,232,220,35,218,229,239,236,0,212,223,233,230,35,229,224,227,239,0,223,218,221,233,35,231,230,233,232,0,225,224,227,226,35,228,231,232,238,0,222,225,226,232,35,230,219,237,233,0,224,213,231,227,35,240,241,242,243,0,234,235,236,237,35,238,232,235,244,0,232,226,229,238,35,233,237,245,234,0,227,231,239,228,35,227,226,246,247,0,221,220,240,241,35,237,236,240,245,0,231,230,234,239,35,226,238,244,246,0,220,232,238,240,35,236,239,241,240,0,230,233,235,234,35,239,227,247,241,0,233,221,241,235,35,248,249,250,251,0,242,243,244,245,35,241,247,248,242,0,235,241,242,236,35,235,234,252,253,0,229,228,246,247,35,244,235,253,254,0,238,229,247,248,35,234,245,255,252,0,228,239,249,246,35,247,246,249,248,0,241,240,243,242,35,245,240,243,255,0,239,234,237,249,35,246,244,254,249,0,240,238,248,243,34,256,251,250,0,250,245,244,34,260,261,251,0,251,252,245,34,258,259,260,0,253,254,251,34,256,257,258,0,250,255,253,34,256,260,251,0,250,251,245,34,256,258,260,0,250,253,251,35,255,243,260,259,0,249,237,251,254,35,249,254,256,250,0,243,248,250,244,35,243,242,261,260,0,237,236,252,251,35,242,248,251,261,0,236,242,245,252,35,253,252,258,257,0,247,246,253,255,35,254,253,257,256,0,248,247,255,250,35,252,255,259,258,0,246,249,254,253,34,291,292,293,0,181,181,181,34,262,263,293,0,256,257,181,34,263,264,265,0,257,258,259,34,265,266,267,0,259,260,261,34,267,268,269,0,261,262,263,34,269,270,271,0,263,264,265,34,271,272,273,0,265,266,267,34,273,274,275,0,267,268,269,34,275,276,277,0,269,270,181,34,278,279,280,0,271,181,181,34,275,277,278,0,269,181,271,34,269,271,273,0,263,265,267,34,273,275,278,0,267,269,271,34,280,281,282,0,181,181,181,34,273,278,280,0,267,271,181,34,267,269,273,0,261,263,267,34,263,265,267,0,257,259,261,34,263,291,293,0,257,181,181,34,288,289,290,0,181,181,181,34,263,267,291,0,257,261,181,34,286,287,288,0,181,181,181,34,267,290,291,0,261,181,181,34,284,285,286,0,181,181,181,34,267,288,290,0,261,181,181,34,282,283,284,0,181,181,181,34,267,273,288,0,261,267,181,34,273,280,282,0,267,181,181,34,273,286,288,0,267,181,181,34,273,282,284,0,267,181,181,34,273,284,286,0,267,181,181,34,342,343,344,0,181,181,181,34,294,295,345,0,272,273,181,34,341,342,344,0,181,181,181,34,295,296,345,0,273,274,181,34,338,339,340,0,181,181,181,34,296,344,345,0,274,181,181,34,336,337,338,0,181,181,181,34,296,297,344,0,274,275,181,34,334,335,336,0,181,181,181,34,297,341,344,0,275,181,181,34,332,333,334,0,181,271,181,34,297,340,341,0,275,181,181,34,332,334,336,0,181,181,181,34,297,298,340,0,275,276,181,34,330,331,332,0,181,181,181,34,298,338,340,0,276,181,181,34,327,328,329,0,277,278,181,34,298,299,338,0,276,279,181,34,326,327,329,0,280,277,181,34,299,300,338,0,279,281,181,34,326,329,330,0,280,181,181,34,300,336,338,0,281,181,181,34,325,326,330,0,282,280,181,34,300,301,336,0,281,283,181,34,325,330,332,0,282,181,181,34,301,302,336,0,283,284,181,34,325,332,336,0,282,181,181,34,322,323,324,0,285,286,287,34,324,325,336,0,287,282,181,34,302,303,336,0,284,288,181,34,304,305,306,0,289,290,291,34,303,304,336,0,288,289,181,34,322,324,336,0,285,287,181,34,320,321,322,0,292,293,285,34,317,318,319,0,294,295,296,34,320,322,336,0,292,285,181,34,317,319,320,0,294,296,292,34,312,313,314,0,297,298,299,34,317,320,336,0,294,292,181,34,311,312,314,0,300,297,299,34,316,317,336,0,301,294,181,34,311,314,315,0,300,299,302,34,304,306,336,0,289,291,181,34,310,311,315,0,303,300,302,34,306,307,336,0,291,304,181,34,310,315,316,0,303,302,301,34,307,316,336,0,304,301,181,34,309,310,316,0,305,303,301,34,307,308,316,0,304,306,301,34,308,309,316,0,306,305,301,35,296,295,346,347,0,274,273,307,308,35,274,273,348,349,0,268,267,309,310,35,297,296,347,350,0,275,274,308,311,35,275,274,349,351,0,269,268,310,312,35,298,297,350,352,0,276,275,311,313,35,306,305,353,354,0,291,290,314,315,35,299,298,352,355,0,279,276,313,316,35,307,306,354,356,0,304,291,315,317,35,300,299,355,357,0,281,279,316,318,35,308,307,356,358,0,306,304,317,319,35,301,300,357,359,0,283,281,318,320,35,309,308,358,360,0,305,306,319,321,35,302,301,359,361,0,284,283,320,322,35,311,310,362,363,0,300,303,323,324,35,303,302,361,364,0,288,284,322,325,35,312,311,363,365,0,297,300,324,326,35,304,303,364,366,0,289,288,325,327,35,313,312,365,367,0,298,297,326,328,35,305,304,366,353,0,290,289,327,314,35,314,313,367,368,0,299,298,328,329,35,310,309,360,362,0,303,305,321,323,35,315,314,368,369,0,302,299,329,330,35,326,325,370,371,0,280,282,331,332,35,316,315,369,372,0,301,302,330,333,35,276,275,351,373,0,270,269,312,334,35,317,316,372,374,0,294,301,333,335,35,318,317,374,375,0,295,294,335,336,35,263,262,376,377,0,257,256,337,338,35,319,318,375,378,0,296,295,336,339,35,320,319,378,379,0,292,296,339,340,35,264,263,377,380,0,258,257,338,341,35,321,320,379,381,0,293,292,340,342,35,265,264,380,382,0,259,258,341,343,35,322,321,381,383,0,285,293,342,344,35,266,265,382,384,0,260,259,343,345,35,323,322,383,385,0,286,285,344,346,35,267,266,384,386,0,261,260,345,347,35,324,323,385,387,0,287,286,346,348,35,268,267,386,388,0,262,261,347,349,35,325,324,387,370,0,282,287,348,331,35,269,268,388,389,0,263,262,349,350,35,327,326,371,390,0,277,280,332,351,35,328,327,390,391,0,278,277,351,352,35,270,269,389,392,0,264,263,350,353,35,271,270,392,393,0,265,264,353,354,35,295,294,394,346,0,273,272,355,307,35,272,271,393,395,0,266,265,354,356,35,273,272,395,348,0,267,266,356,309,34,425,426,427,0,172,172,172,34,396,397,427,0,357,358,172,34,397,398,399,0,358,359,360,34,399,400,401,0,360,361,362,34,401,402,403,0,362,363,364,34,403,404,405,0,364,365,366,34,405,406,407,0,366,367,368,34,407,408,409,0,368,369,370,34,409,410,411,0,370,371,172,34,412,413,414,0,172,172,172,34,409,411,412,0,370,172,172,34,403,405,407,0,364,366,368,34,407,409,412,0,368,370,172,34,414,415,416,0,172,172,172,34,407,412,414,0,368,172,172,34,401,403,407,0,362,364,368,34,397,399,401,0,358,360,362,34,397,425,427,0,358,172,172,34,422,423,424,0,172,172,172,34,397,401,425,0,358,362,172,34,420,421,422,0,172,172,172,34,401,424,425,0,362,172,172,34,418,419,420,0,172,172,172,34,401,422,424,0,362,172,172,34,416,417,418,0,172,172,172,34,401,407,422,0,362,368,172,34,407,414,416,0,368,172,172,34,407,420,422,0,368,172,172,34,407,416,418,0,368,172,172,34,407,418,420,0,368,172,172,34,476,477,478,0,172,172,172,34,428,429,479,0,372,373,172,34,475,476,478,0,172,172,172,34,429,430,479,0,373,374,172,34,472,473,474,0,172,172,375,34,430,478,479,0,374,172,172,34,470,471,472,0,172,172,172,34,430,431,478,0,374,376,172,34,468,469,470,0,172,172,172,34,431,475,478,0,376,172,172,34,466,467,468,0,172,375,172,34,431,474,475,0,376,375,172,34,466,468,470,0,172,172,172,34,431,432,474,0,376,377,375,34,464,465,466,0,172,172,172,34,432,472,474,0,377,172,375,34,461,462,463,0,378,379,172,34,432,433,472,0,377,380,172,34,460,461,463,0,381,378,172,34,433,434,472,0,380,382,172,34,460,463,464,0,381,172,172,34,434,470,472,0,382,172,172,34,459,460,464,0,383,381,172,34,434,435,470,0,382,384,172,34,459,464,466,0,383,172,172,34,435,436,470,0,384,385,172,34,459,466,470,0,383,172,172,34,456,457,458,0,386,387,388,34,458,459,470,0,388,383,172,34,436,437,470,0,385,389,172,34,438,439,440,0,390,391,392,34,437,438,470,0,389,390,172,34,456,458,470,0,386,388,172,34,454,455,456,0,393,394,386,34,451,452,453,0,395,396,397,34,454,456,470,0,393,386,172,34,451,453,454,0,395,397,393,34,446,447,448,0,398,399,400,34,451,454,470,0,395,393,172,34,445,446,448,0,401,398,400,34,450,451,470,0,402,395,172,34,445,448,449,0,401,400,403,34,438,440,470,0,390,392,172,34,444,445,449,0,404,401,403,34,440,441,470,0,392,405,172,34,444,449,450,0,404,403,402,34,441,450,470,0,405,402,172,34,443,444,450,0,406,404,402,34,441,442,450,0,405,407,402,34,442,443,450,0,407,406,402,35,430,429,480,481,0,374,373,408,409,35,408,407,482,483,0,369,368,410,411,35,431,430,481,484,0,376,374,409,412,35,409,408,483,485,0,370,369,411,413,35,432,431,484,486,0,377,376,412,414,35,440,439,487,488,0,392,391,415,416,35,433,432,486,489,0,380,377,414,417,35,441,440,488,490,0,405,392,416,418,35,434,433,489,491,0,382,380,417,419,35,442,441,490,492,0,407,405,418,420,35,435,434,491,493,0,384,382,419,421,35,443,442,492,494,0,406,407,420,422,35,436,435,493,495,0,385,384,421,423,35,445,444,496,497,0,401,404,424,425,35,437,436,495,498,0,389,385,423,426,35,446,445,497,499,0,398,401,425,427,35,438,437,498,500,0,390,389,426,428,35,447,446,499,501,0,399,398,427,429,35,439,438,500,487,0,391,390,428,415,35,448,447,501,502,0,400,399,429,430,35,444,443,494,496,0,404,406,422,424,35,449,448,502,503,0,403,400,430,431,35,460,459,504,505,0,381,383,432,433,35,450,449,503,506,0,402,403,431,434,35,410,409,485,507,0,371,370,413,435,35,451,450,506,508,0,395,402,434,436,35,452,451,508,509,0,396,395,436,437,35,397,396,510,511,0,358,357,438,439,35,453,452,509,512,0,397,396,437,440,35,454,453,512,513,0,393,397,440,441,35,398,397,511,514,0,359,358,439,442,35,455,454,513,515,0,394,393,441,443,35,399,398,514,516,0,360,359,442,444,35,456,455,515,517,0,386,394,443,445,35,400,399,516,518,0,361,360,444,446,35,457,456,517,519,0,387,386,445,447,35,401,400,518,520,0,362,361,446,448,35,458,457,519,521,0,388,387,447,449,35,402,401,520,522,0,363,362,448,450,35,459,458,521,504,0,383,388,449,432,35,403,402,522,523,0,364,363,450,451,35,461,460,505,524,0,378,381,433,452,35,462,461,524,525,0,379,378,452,453,35,404,403,523,526,0,365,364,451,454,35,405,404,526,527,0,366,365,454,455,35,429,428,528,480,0,373,372,456,408,35,406,405,527,529,0,367,366,455,457,35,407,406,529,482,0,368,367,457,410,34,530,531,532,1,458,459,460,34,277,276,531,1,181,270,459,34,279,278,277,1,181,271,181,34,281,280,279,1,181,181,181,34,283,282,281,1,181,181,181,34,285,284,283,1,181,181,181,34,287,286,285,1,181,181,181,34,289,288,287,1,181,181,181,34,291,290,289,1,181,181,181,34,262,293,292,1,256,181,181,34,292,291,289,1,181,181,181,34,289,287,285,1,181,181,181,34,285,283,281,1,181,181,181,34,530,277,531,1,458,181,459,34,285,281,279,1,181,181,181,34,530,279,277,1,458,181,181,34,530,262,292,1,458,256,181,34,292,289,285,1,181,181,181,34,530,285,279,1,458,181,181,34,530,292,285,1,458,181,181,34,533,534,535,1,461,462,463,34,329,328,534,1,181,278,462,34,331,330,329,1,181,181,181,34,333,332,331,1,271,181,181,34,335,334,333,1,181,181,271,34,337,336,335,1,181,181,181,34,339,338,337,1,181,181,181,34,341,340,339,1,181,181,181,34,345,344,343,1,181,181,181,34,342,341,339,1,181,181,181,34,294,345,343,1,272,181,181,34,343,342,339,1,181,181,181,34,337,335,333,1,181,181,271,34,343,339,337,1,181,181,181,34,533,294,534,1,461,272,462,34,294,343,337,1,272,181,181,34,337,333,331,1,181,271,181,34,331,329,534,1,181,181,462,34,294,337,534,1,272,181,462,34,337,331,534,1,181,181,462,35,531,276,373,536,1,459,270,334,464,35,532,531,536,537,1,460,459,464,465,35,530,532,537,538,1,458,460,465,466,35,534,328,391,539,1,462,278,352,467,35,535,534,539,540,1,463,462,467,468,35,533,535,540,541,1,461,463,468,469,35,262,530,538,376,1,256,458,466,337,35,294,533,541,394,1,272,461,469,355,34,542,543,544,1,470,471,472,34,411,410,543,1,172,371,471,34,413,412,411,1,172,172,172,34,415,414,413,1,172,172,172,34,417,416,415,1,172,172,172,34,419,418,417,1,172,172,172,34,421,420,419,1,172,172,172,34,423,422,421,1,172,172,172,34,425,424,423,1,172,172,172,34,396,427,426,1,357,172,172,34,426,425,423,1,172,172,172,34,423,421,419,1,172,172,172,34,419,417,415,1,172,172,172,34,542,411,543,1,470,172,471,34,419,415,413,1,172,172,172,34,542,413,411,1,470,172,172,34,542,396,426,1,470,357,172,34,426,423,419,1,172,172,172,34,542,419,413,1,470,172,172,34,542,426,419,1,470,172,172,34,545,546,547,1,473,474,475,34,463,462,546,1,172,379,474,34,465,464,463,1,172,172,172,34,467,466,465,1,375,172,172,34,469,468,467,1,172,172,375,34,471,470,469,1,172,172,172,34,473,472,471,1,172,172,172,34,475,474,473,1,172,375,172,34,479,478,477,1,172,172,172,34,476,475,473,1,172,172,172,34,428,479,477,1,372,172,172,34,477,476,473,1,172,172,172,34,471,469,467,1,172,172,375,34,477,473,471,1,172,172,172,34,545,428,546,1,473,372,474,34,428,477,471,1,372,172,172,34,471,467,465,1,172,375,172,34,465,463,546,1,172,172,474,34,428,471,546,1,372,172,474,34,471,465,546,1,172,172,474,35,543,410,507,548,1,471,371,435,476,35,544,543,548,549,1,472,471,476,477,35,542,544,549,550,1,470,472,477,478,35,546,462,525,551,1,474,379,453,479,35,547,546,551,552,1,475,474,479,480,35,545,547,552,553,1,473,475,480,481,35,396,542,550,510,1,357,470,478,438,35,428,545,553,528,1,372,473,481,456,34,538,570,376,2,466,172,337,34,567,568,569,2,172,172,172,34,538,569,570,2,466,172,172,34,538,537,536,2,466,465,464,34,536,373,554,2,464,334,172,34,554,555,556,2,172,375,172,34,556,557,558,2,172,172,172,34,558,559,560,2,172,172,172,34,560,561,562,2,172,172,172,34,562,563,564,2,172,172,172,34,564,565,566,2,172,172,172,34,566,567,569,2,172,172,172,34,538,536,569,2,466,464,172,34,556,558,560,2,172,172,172,34,536,554,569,2,464,172,172,34,556,560,562,2,172,172,172,34,554,556,569,2,172,172,172,34,564,566,569,2,172,172,172,34,556,562,564,2,172,172,172,34,556,564,569,2,172,172,172,34,586,587,394,2,172,172,355,34,541,540,394,2,469,468,355,34,540,539,391,2,468,467,352,34,391,571,572,2,352,172,172,34,573,574,575,2,172,172,172,34,391,572,573,2,352,172,172,34,540,391,394,2,468,352,355,34,585,586,394,2,375,172,355,34,582,583,584,2,172,172,172,34,584,585,394,2,172,375,355,34,391,573,394,2,352,172,355,34,575,576,577,2,172,172,172,34,573,575,394,2,172,172,355,34,582,584,394,2,172,172,355,34,579,580,581,2,172,172,172,34,581,582,394,2,172,172,355,34,575,577,394,2,172,172,355,34,577,578,579,2,172,172,172,34,579,581,394,2,172,172,355,34,577,579,394,2,172,172,355,34,550,604,510,2,478,181,438,34,601,602,603,2,181,181,181,34,550,603,604,2,478,181,181,34,550,549,548,2,478,477,476,34,548,507,588,2,476,435,181,34,588,589,590,2,181,181,181,34,590,591,592,2,181,181,181,34,592,593,594,2,181,181,181,34,594,595,596,2,181,181,181,34,596,597,598,2,181,181,181,34,598,599,600,2,181,181,181,34,600,601,603,2,181,181,181,34,550,548,603,2,478,476,181,34,590,592,594,2,181,181,181,34,548,588,603,2,476,181,181,34,590,594,596,2,181,181,181,34,588,590,603,2,181,181,181,34,598,600,603,2,181,181,181,34,590,596,598,2,181,181,181,34,590,598,603,2,181,181,181,34,620,621,528,2,181,181,456,34,553,552,528,2,481,480,456,34,552,551,525,2,480,479,453,34,525,605,606,2,453,181,181,34,607,608,609,2,181,181,271,34,525,606,607,2,453,181,181,34,552,525,528,2,480,453,456,34,619,620,528,2,181,181,456,34,616,617,618,2,271,181,181,34,618,619,528,2,181,181,456,34,525,607,528,2,453,181,456,34,609,610,611,2,271,181,181,34,607,609,528,2,181,271,456,34,616,618,528,2,271,181,456,34,613,614,615,2,181,181,181,34,615,616,528,2,181,271,456,34,609,611,528,2,271,181,456,34,611,612,613,2,181,181,181,34,613,615,528,2,181,181,456,34,611,613,528,2,181,181,456,34,376,380,377,3,337,341,338,34,384,382,380,3,345,343,341,34,388,386,384,3,349,347,345,34,392,389,388,3,353,350,349,34,395,393,392,3,356,354,353,34,351,349,348,3,312,310,309,34,348,395,392,3,309,356,353,34,376,384,380,3,337,345,341,34,348,392,388,3,309,353,349,34,376,570,384,3,337,172,345,34,351,348,388,3,312,309,349,34,570,569,384,3,172,172,345,34,554,373,351,3,172,334,312,34,569,568,384,3,172,172,345,34,555,554,351,3,375,172,312,34,568,388,384,3,172,349,345,34,556,555,351,3,172,375,312,34,568,567,388,3,172,172,349,34,557,556,351,3,172,172,312,34,567,566,388,3,172,172,349,34,559,558,557,3,172,172,172,34,566,565,388,3,172,172,349,34,559,557,351,3,172,172,312,34,565,564,388,3,172,172,349,34,559,351,388,3,172,312,349,34,561,560,559,3,172,172,172,34,563,562,561,3,172,172,172,34,564,563,388,3,172,172,349,34,561,559,388,3,172,172,349,34,563,561,388,3,172,172,349,34,394,347,346,3,355,308,307,34,352,350,347,3,313,311,308,34,357,355,352,3,318,316,313,34,361,359,357,3,322,320,318,34,366,364,361,3,327,325,322,34,354,353,366,3,315,314,327,34,363,362,360,3,324,323,321,34,356,354,366,3,317,315,327,34,363,360,358,3,324,321,319,34,356,366,361,3,317,327,322,34,365,363,358,3,326,324,319,34,356,361,357,3,317,322,318,34,365,358,356,3,326,319,317,34,368,367,365,3,329,328,326,34,378,375,374,3,339,336,335,34,368,365,356,3,329,326,317,34,379,378,374,3,340,339,335,34,369,368,356,3,330,329,317,34,383,381,379,3,344,342,340,34,372,369,356,3,333,330,317,34,385,383,379,3,346,344,340,34,374,372,356,3,335,333,317,34,385,379,374,3,346,340,335,34,390,371,370,3,351,332,331,34,387,385,374,3,348,346,335,34,390,370,387,3,351,331,348,34,571,391,390,3,172,352,351,34,574,573,572,3,172,172,172,34,571,390,387,3,172,351,348,34,576,575,574,3,172,172,172,34,572,571,387,3,172,172,348,34,577,576,574,3,172,172,172,34,574,572,387,3,172,172,348,34,387,374,356,3,348,335,317,34,357,352,347,3,318,313,308,34,574,387,356,3,172,348,317,34,394,587,347,3,355,172,308,34,577,574,356,3,172,172,317,34,587,586,347,3,172,172,308,34,578,577,356,3,172,172,317,34,586,357,347,3,172,318,308,34,578,356,357,3,172,317,318,34,580,579,578,3,172,172,172,34,582,581,580,3,172,172,172,34,585,584,583,3,375,172,172,34,580,578,357,3,172,172,318,34,586,585,583,3,172,375,172,34,582,580,357,3,172,172,318,34,586,583,357,3,172,172,318,34,583,582,357,3,172,172,318,34,510,514,511,3,438,442,439,34,518,516,514,3,446,444,442,34,522,520,518,3,450,448,446,34,526,523,522,3,454,451,450,34,529,527,526,3,457,455,454,34,485,483,482,3,413,411,410,34,482,529,526,3,410,457,454,34,510,518,514,3,438,446,442,34,482,526,522,3,410,454,450,34,510,604,518,3,438,181,446,34,485,482,522,3,413,410,450,34,604,603,518,3,181,181,446,34,588,507,485,3,181,435,413,34,603,602,518,3,181,181,446,34,589,588,485,3,181,181,413,34,602,522,518,3,181,450,446,34,590,589,485,3,181,181,413,34,602,601,522,3,181,181,450,34,591,590,485,3,181,181,413,34,601,600,522,3,181,181,450,34,593,592,591,3,181,181,181,34,600,599,522,3,181,181,450,34,593,591,485,3,181,181,413,34,599,598,522,3,181,181,450,34,593,485,522,3,181,413,450,34,595,594,593,3,181,181,181,34,597,596,595,3,181,181,181,34,598,597,522,3,181,181,450,34,595,593,522,3,181,181,450,34,597,595,522,3,181,181,450,34,528,481,480,3,456,409,408,34,486,484,481,3,414,412,409,34,491,489,486,3,419,417,414,34,495,493,491,3,423,421,419,34,500,498,495,3,428,426,423,34,488,487,500,3,416,415,428,34,497,496,494,3,425,424,422,34,490,488,500,3,418,416,428,34,497,494,492,3,425,422,420,34,490,500,495,3,418,428,423,34,499,497,492,3,427,425,420,34,490,495,491,3,418,423,419,34,499,492,490,3,427,420,418,34,502,501,499,3,430,429,427,34,512,509,508,3,440,437,436,34,502,499,490,3,430,427,418,34,513,512,508,3,441,440,436,34,503,502,490,3,431,430,418,34,517,515,513,3,445,443,441,34,506,503,490,3,434,431,418,34,519,517,513,3,447,445,441,34,508,506,490,3,436,434,418,34,519,513,508,3,447,441,436,34,524,505,504,3,452,433,432,34,521,519,508,3,449,447,436,34,524,504,521,3,452,432,449,34,605,525,524,3,181,453,452,34,608,607,606,3,181,181,181,34,605,524,521,3,181,452,449,34,610,609,608,3,181,271,181,34,606,605,521,3,181,181,449,34,611,610,608,3,181,181,181,34,608,606,521,3,181,181,449,34,521,508,490,3,449,436,418,34,491,486,481,3,419,414,409,34,608,521,490,3,181,449,418,34,528,621,481,3,456,181,409,34,611,608,490,3,181,181,418,34,621,620,481,3,181,181,409,34,612,611,490,3,181,181,418,34,620,491,481,3,181,419,409,34,612,490,491,3,181,418,419,34,614,613,612,3,181,181,181,34,616,615,614,3,271,181,181,34,619,618,617,3,181,181,181,34,614,612,491,3,181,181,419,34,620,619,617,3,181,181,181,34,616,614,491,3,271,181,419,34,620,617,491,3,181,181,419,34,617,616,491,3,181,271,419],
            "metadata": {
                "materials": 4,
                "vertices": 622,
                "normals": 482,
                "bones": 0,
                "generator": "io_three",
                "morphTargets": 0,
                "version": 3,
                "uvs": 0,
                "faces": 890
            },
            "morphTargets": [],
            "normals": [-0.975188,0.206671,-0.079165,-0.976562,0.206946,0.058687,-0.993378,-0.100681,0.055055,-0.993835,-0.045869,-0.100864,-0.721397,0.687277,-0.084902,-0.982788,0.08414,0.164434,-0.971801,0.234687,0.022645,-0.968627,0.235786,-0.078249,0.723319,0.633564,0.274575,0.013825,0.679556,0.733482,-0.141179,0.19126,0.971313,0.939817,0.073244,0.333628,0.328104,0.943144,0.052644,-0.046236,0.994873,0.089724,0.527757,0.725455,-0.441755,0.824488,0.490707,0.281747,0.890683,0.237403,0.387646,0.857418,0.254891,-0.447005,0.816065,0.572649,0.0777,0.985382,0.143193,0.092074,-0.782342,0.619556,0.063845,-0.966033,0.243965,0.085025,0.285745,0.747337,-0.599841,0.647328,0.237312,-0.724296,0.83871,0.542924,0.041902,0.984527,0.168584,0.047761,-0.7893,0.612171,0.047121,-0.974639,0.217597,0.051943,0.230293,0.474899,-0.849361,0.095462,0.175451,-0.979827,0.35786,0.303446,-0.883084,0.420392,0.436262,-0.795556,0.823786,0.561937,0.074618,0.972869,0.196509,0.121952,-0.821192,0.56975,0.031343,-0.098422,0.710288,-0.696982,-0.250282,0.644856,-0.722129,-0.537339,0.333171,-0.774743,0.77105,0.626881,0.111576,0.962462,0.23011,0.143742,-0.960662,0.257851,-0.102878,-0.457625,0.664846,-0.59035,-0.756432,0.198431,-0.623188,0.702292,0.690176,-0.174322,0.953581,0.229743,-0.194647,-0.980041,0.180059,0.084201,-0.718314,0.689749,0.090823,-0.824,0.555925,0.109256,-0.95999,0.208533,0.186865,0.961089,-0.096072,0.258858,0.963683,0.248482,0.097629,-0.686361,-0.284188,-0.669393,-0.46559,-0.59154,-0.658223,-0.053438,-0.892972,-0.446883,-0.545,-0.770074,-0.331553,-0.764946,0,-0.644063,-0.1077,-0.362835,0.925596,0.897,-0.231513,0.376507,-0.974792,-0.176336,0.13657,-0.983642,-0.066439,0.167302,0.961852,-0.153142,-0.22663,0.984069,-0.032899,0.174566,-0.99527,-0.056825,0.078707,0.924863,-0.036897,0.378491,-0.984191,-0.144322,-0.10239,0.994385,-0.091617,0.0524,0.987732,-0.099734,0.12006,0.814112,-0.275704,-0.511063,-0.990081,-0.107425,0.090365,0.988952,-0.107639,0.101779,0.594684,-0.441359,-0.671926,0.780389,0.007843,-0.625202,-0.992279,-0.109622,0.057833,0.981567,-0.114689,0.152715,0.07358,-0.440596,-0.89465,0.342082,-0.55504,-0.758202,0.655416,-0.001129,-0.755242,-0.328959,-0.008606,-0.944273,0.643361,-0.66274,-0.38319,0.886013,0,-0.463637,-0.09772,-0.869839,0.483505,-0.69631,-0.717338,-0.022462,-0.666494,-0.744804,-0.031709,-0.640522,-0.767266,0.031373,-0.640217,-0.766076,0.056551,-0.636586,-0.769738,0.047334,0.637806,-0.768334,0.053468,0.61333,-0.774804,0.153203,0.638295,-0.764367,0.090915,0.644093,-0.764367,0.028962,0.647816,-0.753807,-0.109684,0.629719,-0.770806,0.096408,0.616291,-0.758995,-0.209876,0.66744,-0.638905,0.382488,0.701498,-0.711936,-0.032105,-0.661428,-0.749535,-0.026185,-0.669332,-0.740867,-0.055544,-0.703818,-0.682821,0.195807,0.190435,-0.760582,-0.620655,0.172979,-0.882656,-0.436964,0.343455,-0.650716,-0.677145,-0.168432,-0.829341,-0.532701,-0.336802,0.939451,-0.063021,-0.861873,0.446333,0.240577,-0.876888,0.384777,0.288003,-0.087832,0.996033,-0.012329,-0.409009,0.91232,0.017823,-0.982513,0.148656,0.112003,0.42616,0.90463,-0.000977,0.875973,0.215278,0.431623,0.444533,0.89523,0.030244,-0.429609,0.902432,0.031465,0.054048,0.994293,-0.091708,0.488327,0.872463,0.017273,-0.43672,0.899472,0.013672,0.038697,0.991852,-0.12125,0.424757,0.903653,0.05417,-0.427931,0.903317,0.029115,-0.01706,0.994781,-0.100406,0.414686,0.908475,0.05179,-0.69097,0.721366,-0.046632,0.378613,0.92523,-0.023438,-0.703055,0.707633,-0.070162,0.994964,-0.090762,0.042482,-0.060366,0.998077,-0.013489,-0.091159,0.995788,0.007477,-0.09357,0.995575,0.006165,-0.094485,0.995514,0.001648,-0.089297,0.995972,0.007447,-0.115787,0.993255,-0.001221,-0.348552,0.936216,-0.044221,-0.010956,0.999695,0.021668,0.084323,0.996368,0.009857,0.104404,0.994507,0.005799,0.11301,0.993561,0.003143,0.089328,0.995911,0.013306,0.087313,0.996124,0.009888,0.083865,0.99646,-0.001221,0.057009,0.998199,-0.017396,0.846339,0.125248,0.517685,0.108524,0.994079,0.00412,0.010743,0.999725,-0.02002,0.010071,0.999512,-0.028535,-0.00351,0.999756,-0.02121,-0.51445,-0.657765,-0.550096,0.056795,-0.962432,-0.26545,-0.958464,0,0.285165,-0.661794,0.733909,0.152837,-0.633686,0.684011,0.361278,-0.873012,0,0.487655,0.643361,0.662709,-0.38319,0.025147,-0.988891,-0.146306,-0.661794,-0.733909,0.152837,0.025147,0.988891,-0.146306,-0.017212,0.999634,0.020692,0.001007,0.999969,-0.000427,-0.636341,0.708914,0.304025,0.866237,0,-0.499588,0.620502,0.700674,-0.352092,-0.633686,-0.683981,0.361278,-0.017212,-0.999634,0.020661,0.620502,-0.700674,-0.352092,0.638661,-0.707327,-0.302927,0.001007,-0.999969,-0.000427,-0.017487,-0.999786,0.008454,0.642964,-0.724204,-0.249153,0.903775,0,-0.427992,-0.902066,0,0.431532,0.638661,0.707327,-0.302927,-0.636341,-0.708914,0.304025,-0.661702,-0.70452,0.256478,-0.670186,-0.715049,0.198767,0,-1,0,0.642964,0.724204,-0.249153,-0.017487,0.999786,0.008454,-0.933042,0,0.359691,-0.661702,0.70452,0.256478,0.931852,0,-0.362774,0.958708,0,-0.284371,0.670186,-0.715049,-0.198798,0.670186,0.715018,-0.198798,0,1,0,-0.958708,0,0.284371,-0.670186,0.715049,0.198798,-0.670156,-0.715049,0.198767,-0.985626,0,0.168798,-0.705649,-0.69866,0.117679,-0.670156,0.715049,0.198767,0.675924,-0.728263,-0.112827,-0.029695,-0.999542,0.001282,-0.134892,-0.778283,-0.613208,0.416944,-0.568041,-0.709525,-0.029725,0.999542,0.001282,-0.705679,0.69866,0.117679,0.986877,0,-0.161382,0.675924,0.728263,-0.112827,-0.658162,0.539171,-0.525437,-0.658162,-0.539171,-0.525407,-0.871578,0,-0.490188,0.416944,0.568041,-0.709555,0.658101,0,-0.752892,-0.134892,0.778283,-0.613208,0.980743,0.01532,0.194678,0.69219,-0.71981,0.052248,0.614246,-0.689077,0.384503,0.849849,0.0141,0.52678,-0.530137,0.638508,-0.557848,-0.747429,-0.01297,-0.664174,0.032655,0.960143,-0.277505,0.672353,0.739006,0.04236,9.2e-05,0.999969,0.005036,0.597308,0.709311,0.374218,0.606372,0.721641,0.333872,-0.014496,0.999847,-0.008576,-0.601184,0.704794,-0.376568,-0.845302,-0.014527,-0.534043,-0.583697,-0.725089,-0.365368,0.024415,-0.999481,0.020295,0.624287,-0.701468,0.343791,0.010376,-0.999908,0.005097,0.008637,-0.999939,0.003815,0.614338,-0.700736,0.362651,-0.608661,-0.719138,-0.335185,0.875607,0.014496,0.482772,-0.626484,0.698904,-0.344981,-0.876125,-0.014466,-0.481826,-0.861629,-0.014405,-0.507279,-0.618183,0.696158,-0.364879,-0.612018,0.695364,-0.376629,-0.849269,-0.014313,-0.527696,0.596759,0.720969,0.352184,-0.01587,0.999817,-0.01062,-0.600726,-0.716453,-0.354656,0.8605,0.014496,0.509201,0.579394,0.716514,0.388379,0.833216,0.014405,0.552721,0.847743,0.014283,0.530198,0.592425,0.712668,0.375652,-0.594958,-0.71569,-0.365764,-0.019929,0.999786,0.002258,0.00412,-0.999817,0.017731,0.596454,-0.696188,0.399396,0.609516,-0.692404,0.386029,0.015351,-0.999603,0.022309,0.234474,-0.774804,-0.587085,0.743431,-0.557573,-0.369274,-0.61037,0.702353,-0.366222,-0.854488,-0.014496,-0.519242,-0.592914,-0.722617,-0.355296,-0.008911,0.999908,0.007294,-0.253548,-0.546556,-0.79809,0.728233,0.573077,-0.375805,0.960723,0.011536,-0.277261,-0.267342,0.530931,-0.804102,0.214545,0.773827,-0.595904,-0.460341,-0.010987,-0.887661,0.694937,0.718253,-0.033967,0.731986,0.657063,-0.18012,0.61681,0.694021,-0.371288,0.566942,0.69274,-0.445692,0.501541,0.691183,-0.52028,0.420515,0.690817,-0.588092,0.282998,0.674245,-0.682119,0.053591,0.671438,-0.739067,-0.400922,0.622181,-0.672384,-0.781793,0.617023,-0.089694,-0.660878,0.705008,0.25721,-0.694082,0.688314,0.21073,-0.694143,0.688986,0.208411,-0.47441,0.60509,0.639332,-0.189459,0.758324,0.623707,0,0.999969,0,-0.081729,0.768334,-0.634754,0.191168,0.657063,-0.729179,0.020753,0.70394,-0.709952,0.017151,0.702811,-0.711142,-0.246773,0.640553,-0.727165,0.725547,0.672536,0.145756,0.606403,0.771935,0.19068,-0.566881,0.664602,-0.48674,0.160344,0.556871,0.814936,-0.602374,0.689138,-0.402692,-0.04004,0.578661,0.814539,-0.779565,0.612598,-0.130253,-0.779046,0.609912,-0.145054,0.214301,0.593921,0.775414,0.697653,0.653432,0.29368,0.679495,0.636647,0.364574,-0.807092,0.589801,-0.026521,-0.722648,0.64449,0.249733,-0.722709,0.644612,0.249214,-0.564562,0.705161,0.428907,-0.486953,0.631581,0.60329,-0.506546,0.638173,0.57973,-0.321146,0.613788,0.721152,-0.22071,0.594378,0.773278,0.025361,0.641346,0.766808,0.205969,0.603137,0.770562,0.685507,0.648457,0.330973,0.702628,0.677084,0.218665,-0.614887,0.603473,0.507645,0.345866,0.631703,0.693747,0.614704,0.676656,0.405255,-0.74694,0.62859,-0.216559,-0.776757,0.615314,0.134037,-0.588397,0.692221,-0.417798,-0.66393,0.681783,-0.307077,0.191168,-0.657063,-0.729179,0.020753,-0.70394,-0.709952,-0.694082,-0.688314,0.21073,-0.694143,-0.688986,0.208411,0.017151,-0.702811,-0.711142,-0.47441,-0.60509,0.639332,-0.246773,-0.640553,-0.727165,-0.722709,-0.644612,0.249214,-0.564562,-0.705161,0.428907,-0.566881,-0.664602,-0.48674,-0.776757,-0.615314,0.134037,-0.602374,-0.689138,-0.402692,-0.66393,-0.681783,-0.307077,-0.779565,-0.612598,-0.130253,-0.588397,-0.692221,-0.417798,-0.779046,-0.609912,-0.145054,-0.74694,-0.62859,-0.216559,-0.614887,-0.603473,0.507645,-0.807092,-0.589801,-0.026521,0.205969,-0.603137,0.770562,-0.722648,-0.64449,0.249733,0.685507,-0.648457,0.330973,0.702628,-0.677084,0.218665,0.614704,-0.676656,0.405255,-0.04004,-0.578661,0.814539,0.160344,-0.556871,0.814936,0.345866,-0.631703,0.693747,-0.189459,-0.758324,0.623707,-0.321146,-0.613788,0.721152,-0.22071,-0.594378,0.773278,0.694937,-0.718253,-0.033967,0.731986,-0.657063,-0.18012,0.025361,-0.641346,0.766808,-0.486953,-0.631581,0.60329,0.61681,-0.694021,-0.371288,-0.506546,-0.638173,0.57973,0.566942,-0.69274,-0.445692,0.214301,-0.593921,0.775414,0.501541,-0.691183,-0.52028,0.697653,-0.653432,0.29368,0.420515,-0.690817,-0.588092,0.679495,-0.636647,0.364574,0.282998,-0.674245,-0.682119,0.053591,-0.671438,-0.739067,0.725547,-0.672536,0.145756,0.606403,-0.771935,0.19068,-0.400922,-0.622181,-0.672384,-0.781793,-0.617023,-0.089694,-0.081729,-0.768334,-0.634754,-0.660878,-0.705008,0.25721,0.694937,-0.718253,0.033967,0.731986,-0.657063,0.18012,0.61681,-0.694021,0.371288,0.566942,-0.69274,0.445692,0.501541,-0.691183,0.52028,0.420515,-0.690817,0.588092,0.282998,-0.674245,0.682119,0.053591,-0.671438,0.739067,-0.400922,-0.622181,0.672384,-0.781793,-0.617023,0.089694,-0.660878,-0.705008,-0.25721,-0.694082,-0.688314,-0.21073,-0.694143,-0.688986,-0.208411,-0.47441,-0.60509,-0.639332,-0.189459,-0.758324,-0.623707,-0.081729,-0.768334,0.634754,0.191168,-0.657063,0.729179,0.020753,-0.70394,0.709952,0,-0.999969,0,0.017151,-0.702811,0.711142,-0.246742,-0.640553,0.727165,0.725547,-0.672536,-0.145756,0.606403,-0.771935,-0.19068,-0.566881,-0.664602,0.48674,0.160344,-0.556871,-0.814936,-0.602374,-0.689138,0.402692,-0.04004,-0.578661,-0.814539,-0.779534,-0.612598,0.130253,-0.779046,-0.609912,0.145054,0.214301,-0.593921,-0.775414,0.697653,-0.653432,-0.29368,0.679495,-0.636647,-0.364574,-0.807092,-0.589801,0.026521,-0.722648,-0.64449,-0.249733,-0.722709,-0.644612,-0.249214,-0.564562,-0.705161,-0.428907,-0.486953,-0.63155,-0.60329,-0.506546,-0.638173,-0.57973,-0.321146,-0.613788,-0.721152,-0.22071,-0.594378,-0.773278,0.025361,-0.641346,-0.766808,0.205969,-0.603137,-0.770562,0.685507,-0.648457,-0.330973,0.702628,-0.677084,-0.218665,-0.614887,-0.603473,-0.507614,0.345866,-0.631703,-0.693747,0.614673,-0.676656,-0.405255,-0.74694,-0.62859,0.21659,-0.776788,-0.615314,-0.134007,-0.588397,-0.692221,0.417798,-0.66393,-0.681783,0.307077,0.191168,0.657063,0.729179,0.020753,0.70394,0.709952,-0.694082,0.688314,-0.21073,-0.694143,0.688986,-0.208411,0.017151,0.702811,0.711142,-0.47441,0.60509,-0.639332,-0.246742,0.640553,0.727165,-0.722709,0.644612,-0.249214,-0.564562,0.705161,-0.428907,-0.566881,0.664602,0.48674,-0.776788,0.615314,-0.134007,-0.602374,0.689138,0.402692,-0.66393,0.681783,0.307077,-0.779534,0.612598,0.130253,-0.588397,0.692221,0.417798,-0.779046,0.609912,0.145054,-0.74694,0.62859,0.21659,-0.614887,0.603473,-0.507614,-0.807092,0.589801,0.026521,0.205969,0.603137,-0.770562,-0.722648,0.64449,-0.249733,0.685507,0.648457,-0.330973,0.702628,0.677084,-0.218665,0.614673,0.676656,-0.405255,-0.04004,0.578661,-0.814539,0.160344,0.556871,-0.814936,0.345866,0.631703,-0.693747,-0.189459,0.758324,-0.623707,-0.321146,0.613788,-0.721152,-0.22071,0.594378,-0.773278,0.694937,0.718253,0.033967,0.731986,0.657063,0.18012,0.025361,0.641346,-0.766808,-0.486953,0.63155,-0.60329,0.61681,0.694021,0.371288,-0.506546,0.638173,-0.57973,0.566942,0.69274,0.445692,0.214301,0.593921,-0.775414,0.501541,0.691183,0.52028,0.697653,0.653432,-0.29368,0.420515,0.690817,0.588092,0.679495,0.636647,-0.364574,0.282998,0.674245,0.682119,0.053591,0.671438,0.739067,0.725547,0.672536,-0.145756,0.606403,0.771935,-0.19068,-0.400922,0.622181,0.672384,-0.781793,0.617023,0.089694,-0.081729,0.768334,0.634754,-0.660878,0.705008,-0.25721,0.663137,0.58565,0.466048,-0.171331,0.649434,0.740837,0.109714,0.686056,0.719199,0.460219,0.540635,-0.704184,0.641896,0.687918,0.338633,0.665304,0.700736,0.257515,-0.171331,-0.649434,0.740837,0.109714,-0.686056,0.719199,0.663137,-0.58565,0.466048,0.641896,-0.687918,0.338633,0.665304,-0.700736,0.257515,0.460219,-0.540635,-0.704184,0.663137,-0.58565,-0.466048,-0.171331,-0.649434,-0.740837,0.109714,-0.686056,-0.719199,0.460219,-0.540635,0.704184,0.641896,-0.687918,-0.338633,0.665304,-0.700736,-0.257515,-0.171331,0.649434,-0.740837,0.109714,0.686056,-0.719199,0.663137,0.58565,-0.466048,0.641896,0.687918,-0.338633,0.665304,0.700736,-0.257515,0.460219,0.540635,0.704184],
            "bones": [],
            "uvs": [],
            "name": "Plane_PlaneGeometry"
        }
    }],
    "images": [],
    "animations": [{
        "fps": 29,
        "tracks": [{
            "keys": [{
                "time": 0,
                "value": [-0.000131,0.000942,0.000799]
            },{
                "time": 120,
                "value": [-0.000131,0.000942,0.000799]
            },{
                "time": 240,
                "value": [-0.000131,0.000942,0.000799]
            },{
                "time": 360,
                "value": [-0.000131,0.000942,0.000799]
            }],
            "type": "vector3",
            "name": "CameraPreset.position"
        },{
            "keys": [{
                "time": 0,
                "value": [1,1,1]
            },{
                "time": 120,
                "value": [1,1,1]
            },{
                "time": 240,
                "value": [1,1,1]
            },{
                "time": 360,
                "value": [1,1,1]
            }],
            "type": "vector3",
            "name": "CameraPreset.scale"
        },{
            "keys": [{
                "time": 0,
                "value": [0,0.707107,0.707107,0]
            },{
                "time": 120,
                "value": [-0.612372,-0.353553,-0.353553,0.612372]
            },{
                "time": 240,
                "value": [-0.612372,0.353553,0.353553,0.612372]
            },{
                "time": 360,
                "value": [-0,0.707107,0.707107,0]
            }],
            "type": "quaternion",
            "name": "CameraPreset.quaternion"
        },{
            "keys": [{
                "time": 0,
                "value": [-0.000131,0.000942,0.000799]
            },{
                "time": 120,
                "value": [-0.000131,0.000942,0.000799]
            },{
                "time": 240,
                "value": [-0.000131,0.000942,0.000799]
            },{
                "time": 360,
                "value": [-0.000131,0.000942,0.000799]
            }],
            "type": "vector3",
            "name": "CameraPreset.001.position"
        },{
            "keys": [{
                "time": 0,
                "value": [1,1,1]
            },{
                "time": 120,
                "value": [1,1,1]
            },{
                "time": 240,
                "value": [1,1,1]
            },{
                "time": 360,
                "value": [1,1,1]
            }],
            "type": "vector3",
            "name": "CameraPreset.001.scale"
        },{
            "keys": [{
                "time": 0,
                "value": [0,0.707107,0.707107,0]
            },{
                "time": 120,
                "value": [-0.612372,-0.353553,-0.353553,0.612372]
            },{
                "time": 240,
                "value": [-0.612372,0.353553,0.353553,0.612372]
            },{
                "time": 360,
                "value": [-0,0.707107,0.707107,0]
            }],
            "type": "quaternion",
            "name": "CameraPreset.001.quaternion"
        }],
        "name": "default"
    }],
    "textures": []
}